IDNote,IDUser,IDProduit,Note,Timestamp
1,1,1,1,2026-03-23 15:18:26
2,1,9,5,2024-07-28 15:18:26
3,1,8,5,2025-07-06 15:18:26
4,1,18,1,2024-05-30 15:18:26
5,1,5,1,2024-12-09 15:18:26
6,1,12,2,2025-09-29 15:18:26
7,2,18,4,2025-12-24 15:18:26
8,2,7,3,2024-05-06 15:18:26
9,2,20,2,2026-04-14 15:18:26
10,2,14,4,2025-04-13 15:18:26
11,2,8,3,2024-10-06 15:18:26
12,3,11,5,2025-01-25 15:18:26
13,3,4,1,2025-08-13 15:18:26
14,3,3,5,2024-09-04 15:18:26
15,3,13,4,2024-07-19 15:18:26
16,3,19,5,2025-02-24 15:18:26
17,3,6,5,2025-05-05 15:18:26
18,3,14,5,2024-11-12 15:18:26
19,3,15,1,2024-06-15 15:18:26
20,4,10,3,2024-10-13 15:18:26
21,4,3,3,2025-04-28 15:18:26
22,4,8,2,2026-03-17 15:18:26
23,4,4,3,2026-04-18 15:18:26
24,4,13,1,2026-01-13 15:18:26
25,4,5,2,2025-10-28 15:18:26
26,4,18,2,2024-10-14 15:18:26
27,4,11,4,2025-05-23 15:18:26
28,5,18,4,2025-01-29 15:18:26
29,5,8,1,2024-12-02 15:18:26
30,5,11,5,2025-03-18 15:18:26
31,5,2,2,2026-03-02 15:18:26
32,5,19,4,2025-06-09 15:18:26
33,5,14,4,2024-09-23 15:18:26
34,5,1,3,2024-09-19 15:18:26
35,5,13,2,2025-11-25 15:18:26
36,5,6,5,2025-01-24 15:18:26
37,6,19,2,2026-03-27 15:18:26
38,6,13,4,2025-12-31 15:18:26
39,6,12,1,2025-05-29 15:18:26
40,6,8,4,2025-12-31 15:18:26
41,6,5,4,2025-10-23 15:18:26
42,6,9,3,2025-11-17 15:18:26
43,6,17,1,2026-03-27 15:18:26
44,6,2,1,2026-03-29 15:18:26
45,6,1,5,2025-01-28 15:18:26
46,6,20,3,2024-08-22 15:18:26
47,6,3,3,2025-07-19 15:18:26
48,7,15,3,2026-02-13 15:18:26
49,7,1,5,2026-01-13 15:18:26
50,7,9,2,2024-10-03 15:18:26
51,7,17,3,2024-10-12 15:18:26
52,7,6,5,2025-10-25 15:18:26
53,7,18,1,2026-01-03 15:18:26
54,7,2,3,2025-09-12 15:18:26
55,8,4,2,2025-12-01 15:18:26
56,8,12,1,2024-07-26 15:18:26
57,8,10,4,2024-07-09 15:18:26
58,8,8,5,2024-09-05 15:18:26
59,8,2,2,2026-03-06 15:18:26
60,9,18,3,2025-07-22 15:18:26
61,9,6,5,2025-08-05 15:18:26
62,9,9,1,2025-01-08 15:18:26
63,9,17,2,2024-07-04 15:18:26
64,9,14,3,2024-05-21 15:18:26
65,9,4,5,2025-11-18 15:18:26
66,9,20,2,2025-12-23 15:18:26
67,9,13,2,2024-05-07 15:18:26
68,9,12,1,2026-04-24 15:18:26
69,9,15,1,2024-12-20 15:18:26
70,9,5,1,2024-06-01 15:18:26
71,9,7,3,2024-07-11 15:18:26
72,10,9,4,2024-11-10 15:18:26
73,10,16,1,2024-08-07 15:18:26
74,10,7,4,2025-04-27 15:18:26
75,10,5,4,2025-06-24 15:18:26
76,10,19,4,2024-06-24 15:18:26
77,10,4,1,2024-07-01 15:18:26
78,10,13,4,2025-04-12 15:18:26
79,10,8,1,2025-01-09 15:18:26
80,11,7,2,2024-07-16 15:18:26
81,11,18,4,2025-11-14 15:18:26
82,11,15,1,2024-06-20 15:18:26
83,11,5,5,2024-05-15 15:18:26
84,11,14,1,2024-12-28 15:18:26
85,11,3,2,2025-06-20 15:18:26
86,11,17,4,2025-09-04 15:18:26
87,11,8,2,2025-06-14 15:18:26
88,12,6,4,2025-02-16 15:18:26
89,12,13,4,2026-04-13 15:18:26
90,12,1,5,2026-03-08 15:18:26
91,12,19,4,2024-10-05 15:18:26
92,12,9,2,2025-02-27 15:18:26
93,13,2,4,2025-09-26 15:18:26
94,13,19,5,2024-10-08 15:18:26
95,13,18,1,2025-10-02 15:18:26
96,13,20,1,2024-11-06 15:18:26
97,13,11,1,2025-12-30 15:18:26
98,13,1,1,2026-03-22 15:18:26
99,13,15,2,2025-06-17 15:18:26
100,13,10,1,2025-12-04 15:18:26
101,14,19,3,2024-12-30 15:18:26
102,14,2,3,2025-06-09 15:18:26
103,14,3,2,2026-03-18 15:18:26
104,14,14,3,2025-08-11 15:18:26
105,14,11,3,2024-07-13 15:18:26
106,14,15,1,2025-08-12 15:18:26
107,14,5,5,2025-11-27 15:18:26
108,14,4,1,2024-07-14 15:18:26
109,15,17,3,2024-10-08 15:18:26
110,15,9,4,2025-11-07 15:18:26
111,15,5,3,2026-01-16 15:18:26
112,15,12,5,2024-05-08 15:18:26
113,15,3,5,2025-03-02 15:18:26
114,15,15,1,2024-09-14 15:18:26
115,15,4,3,2024-08-26 15:18:26
116,15,6,1,2025-11-17 15:18:26
117,16,9,3,2025-09-29 15:18:26
118,16,10,4,2025-01-12 15:18:26
119,16,7,1,2024-08-02 15:18:26
120,16,11,4,2025-02-07 15:18:26
121,16,18,1,2024-05-03 15:18:26
122,16,17,3,2024-09-10 15:18:26
123,16,15,3,2024-10-12 15:18:26
124,17,18,2,2025-07-14 15:18:26
125,17,14,2,2024-06-11 15:18:26
126,17,20,3,2025-05-08 15:18:26
127,17,1,1,2025-05-01 15:18:26
128,17,4,2,2026-03-29 15:18:26
129,17,2,2,2026-03-13 15:18:26
130,17,12,1,2025-04-27 15:18:26
131,17,3,5,2025-06-20 15:18:26
132,17,9,5,2024-10-05 15:18:26
133,17,17,2,2024-10-13 15:18:26
134,17,6,2,2025-06-26 15:18:26
135,17,19,1,2024-10-30 15:18:26
136,18,14,2,2025-08-14 15:18:26
137,18,8,3,2025-03-08 15:18:26
138,18,9,2,2024-12-14 15:18:26
139,18,6,1,2026-03-06 15:18:26
140,18,4,2,2025-06-12 15:18:26
141,18,7,3,2025-02-09 15:18:26
142,18,20,1,2025-02-09 15:18:26
143,18,1,3,2026-02-15 15:18:26
144,18,19,5,2025-06-13 15:18:26
145,18,16,5,2025-04-04 15:18:26
146,19,4,1,2025-12-31 15:18:26
147,19,9,4,2025-04-18 15:18:26
148,19,6,3,2025-07-20 15:18:26
149,19,19,5,2025-10-05 15:18:26
150,19,2,1,2025-05-29 15:18:26
151,20,9,3,2026-01-28 15:18:26
152,20,2,3,2026-03-10 15:18:26
153,20,14,1,2025-03-03 15:18:26
154,20,1,5,2025-03-12 15:18:26
155,20,7,4,2025-03-30 15:18:26
156,20,6,4,2026-04-13 15:18:26
157,20,16,3,2025-11-18 15:18:26
158,20,19,2,2024-11-12 15:18:26
